{
	"class_name" : "PinholeCameraParameters",
	"extrinsic" :
	[
		0.99059506719844082,
		-0.01409922317639014,
		0.13609784990196883,
		0.0,
		-0.13681691623156975,
		-0.11366432437856912,
		0.98405363308939986,
		0.0,
		0.0015950783680182112,
		-0.9934191629263982,
		-0.11452433128210843,
		0.0,
		1.8874227694047607,
		5.3675498627341955,
		12.800358420575545,
		1.0
	],
	"intrinsic" :
	{
		"height" : 1080,
		"intrinsic_matrix" :
		[
			935.30743608719376,
			0.0,
			0.0,
			0.0,
			935.30743608719376,
			0.0,
			959.5,
			539.5,
			1.0
		],
		"width" : 1920
	},
	"version_major" : 1,
	"version_minor" : 0
}
