{
	"class_name" : "PinholeCameraParameters",
	"extrinsic" :
	[
		0.0057839032431557516,
		-0.48255845612481996,
		0.87584466824072416,
		0.0,
		-0.99958559236332079,
		0.021908861370661191,
		0.018672046837723211,
		0.0,
		-0.0281991135134208,
		-0.87558970883392151,
		-0.48223176148112212,
		0.0,
		0.23637210885021737,
		-1.0762086250678493,
		24.304082810888815,
		1.0
	],
	"intrinsic" :
	{
		"height" : 1080,
		"intrinsic_matrix" :
		[
			935.30743608719376,
			0.0,
			0.0,
			0.0,
			935.30743608719376,
			0.0,
			959.5,
			539.5,
			1.0
		],
		"width" : 1920
	},
	"version_major" : 1,
	"version_minor" : 0
}
